task,backend,strategy,budget,human_noise,human_delay,human_skill,human_dropout,seed,total_steps,n_demos,run_label,bc_pretrain_steps,bc_final_mse,bc_actor_reg_coef,final_success_rate,best_success_rate,human_steps,budget_used_frac,engagements,final_eval_successes,final_eval_episodes,final_success_ci_low,final_success_ci_high,wall_time_s
Lift,robosuite,none,1000,0.0,0,1.0,0.0,0,10000,20,steps10000_demo20_ls500_bs256_gs1_bc5000_reg50p0_pacenone,5000,0.000665,50.0,0.1000,0.8000,0,0.0000,0,2,20,0.0279,0.3010,933.5
Lift,robosuite,random,1000,0.0,0,1.0,0.0,0,10000,20,steps10000_demo20_ls500_bs256_gs1_bc5000_reg50p0_pacelinear,5000,0.000814,50.0,0.8000,0.9000,1000,1.0000,102,16,20,0.5840,0.9193,707.5
Lift,robosuite,voi,1000,0.0,0,1.0,0.0,0,10000,20,steps10000_demo20_ls500_bs256_gs1_bc5000_reg50p0_pacelinear,5000,0.000580,50.0,0.8500,0.8500,120,0.1200,12,17,20,0.6396,0.9476,1204.7
Lift,robosuite,none,1000,0.0,0,1.0,0.0,1,10000,20,steps10000_demo20_ls500_bs256_gs1_bc5000_reg50p0_pacenone,5000,0.000597,50.0,0.6000,1.0000,0,0.0000,0,12,20,0.3866,0.7812,534.6
Lift,robosuite,random,1000,0.0,0,1.0,0.0,1,10000,20,steps10000_demo20_ls500_bs256_gs1_bc5000_reg50p0_pacelinear,5000,0.000961,50.0,0.8500,1.0000,1000,1.0000,102,17,20,0.6396,0.9476,519.4
Lift,robosuite,voi,1000,0.0,0,1.0,0.0,1,10000,20,steps10000_demo20_ls500_bs256_gs1_bc5000_reg50p0_pacelinear,5000,0.000469,50.0,0.8000,0.9000,110,0.1100,11,16,20,0.5840,0.9193,729.1
Lift,robosuite,none,1000,0.0,0,1.0,0.0,2,10000,20,steps10000_demo20_ls500_bs256_gs1_bc5000_reg50p0_pacenone,5000,0.000983,50.0,0.8500,0.9000,0,0.0000,0,17,20,0.6396,0.9476,530.5
Lift,robosuite,random,1000,0.0,0,1.0,0.0,2,10000,20,steps10000_demo20_ls500_bs256_gs1_bc5000_reg50p0_pacelinear,5000,0.000916,50.0,0.9000,1.0000,1000,1.0000,103,18,20,0.6990,0.9721,539.9
Lift,robosuite,voi,1000,0.0,0,1.0,0.0,2,10000,20,steps10000_demo20_ls500_bs256_gs1_bc5000_reg50p0_pacelinear,5000,0.003602,50.0,0.5500,0.7500,110,0.1100,11,11,20,0.3421,0.7418,665.8
